Year,Regio's,Installaties,Opgesteld vermogen omvormers,Opgesteld vermogen van zonnepanelen,Productie van zonnestroom
2021 ,'s-Gravenhage (gemeente),17989.0,,77435.0,
2021 ,'s-Hertogenbosch,13883.0,,103745.0,
2021 ,Aa en Hunze,4392.0,,33382.0,
2021 ,Aalsmeer,3093.0,,34473.0,
2021 ,Aalten,3346.0,,33100.0,
2021 ,Achtkarspelen,3158.0,,34398.0,
2021 ,Alblasserdam,1234.0,,7721.0,
2021 ,Albrandswaard,2126.0,,14970.0,
2021 ,Alkmaar,11538.0,,59943.0,
2021 ,Almelo,5894.0,,97637.0,
2021 ,Almere,18703.0,,124139.0,
2021 ,Alphen aan den Rijn,12559.0,,69882.0,
2021 ,Alphen-Chaam,1145.0,,13716.0,
2021 ,Altena,5952.0,,50993.0,
2021 ,Ameland,483.0,,8761.0,
2021 ,Amersfoort,18074.0,,80978.0,
2021 ,Amstelveen,5683.0,,28643.0,
2021 ,Amsterdam,24429.0,,160576.0,
2021 ,Apeldoorn,18507.0,,138371.0,
2021 ,Arnhem,10789.0,,61514.0,
2021 ,Assen,10164.0,,55032.0,
2021 ,Asten,2215.0,,32788.0,
2021 ,Baarle-Nassau,702.0,,13912.0,
2021 ,Baarn,2260.0,,9571.0,
2021 ,Barendrecht,4506.0,,28640.0,
2021 ,Barneveld,6224.0,,73376.0,
2021 ,Beek (L.),2522.0,,13513.0,
2021 ,Beekdaelen,5458.0,,31614.0,
2021 ,Beemster,1436.0,,9902.0,
2021 ,Beesel,1856.0,,10538.0,
2021 ,Berg en Dal,3945.0,,21385.0,
2021 ,Bergeijk,2553.0,,30457.0,
2021 ,Bergen (L.),1819.0,,15073.0,
2021 ,Bergen (NH.),5095.0,,23247.0,
2021 ,Bergen op Zoom,7642.0,,43476.0,
2021 ,Berkelland,5485.0,,66076.0,
2021 ,Bernheze,4202.0,,45510.0,
2021 ,Best,4350.0,,36782.0,
2021 ,Beuningen,3040.0,,26356.0,
2021 ,Beverwijk,3620.0,,13748.0,
2021 ,Bladel,2651.0,,35120.0,
2021 ,Blaricum,971.0,,4197.0,
2021 ,Bloemendaal,1545.0,,7457.0,
2021 ,Bodegraven-Reeuwijk,4083.0,,28457.0,
2021 ,Boekel,1518.0,,31202.0,
2021 ,Borger-Odoorn,4195.0,,193712.0,
2021 ,Borne,3157.0,,16683.0,
2021 ,Borsele,3840.0,,105402.0,
2021 ,Boxmeer,3894.0,,40631.0,
2021 ,Boxtel,4029.0,,26149.0,
2021 ,Breda,11910.0,,121128.0,
2021 ,Brielle,1609.0,,9226.0,
2021 ,Bronckhorst,4777.0,,41861.0,
2021 ,Brummen,3343.0,,26801.0,
2021 ,Brunssum,3022.0,,12938.0,
2021 ,Bunnik,2276.0,,14017.0,
2021 ,Bunschoten,2011.0,,25074.0,
2021 ,Buren,3267.0,,28558.0,
2021 ,Capelle aan den IJssel,3206.0,,14466.0,
2021 ,Castricum,6025.0,,21147.0,
2021 ,Coevorden,6082.0,,93650.0,
2021 ,Cranendonck,2912.0,,70314.0,
2021 ,Cuijk,3403.0,,28252.0,
2021 ,Culemborg,3601.0,,19651.0,
2021 ,Dalfsen,5170.0,,41657.0,
2021 ,Dantumadiel,3371.0,,17451.0,
2021 ,De Bilt,3152.0,,17479.0,
2021 ,De Fryske Marren,8268.0,,68494.0,
2021 ,De Ronde Venen,5947.0,,26460.0,
2021 ,De Wolden,4552.0,,27245.0,
2021 ,Delft,5722.0,,23619.0,
2021 ,Den Helder,7104.0,,63654.0,
2021 ,Deurne,3737.0,,51277.0,
2021 ,Deventer,9609.0,,55851.0,
2021 ,Diemen,2173.0,,9893.0,
2021 ,Dinkelland,3526.0,,36519.0,
2021 ,Doesburg,1076.0,,5347.0,
2021 ,Doetinchem,7078.0,,39718.0,
2021 ,Dongen,2913.0,,28677.0,
2021 ,Dordrecht,6393.0,,51547.0,
2021 ,Drechterland,3160.0,,25748.0,
2021 ,Drenthe (PV),76601.0,,897359.0,692.0
2021 ,Drimmelen,2712.0,,24759.0,
2021 ,Dronten,6532.0,,105506.0,
2021 ,Druten,2292.0,,48797.0,
2021 ,Duiven,2687.0,,21944.0,
2021 ,Echt-Susteren,4813.0,,33364.0,
2021 ,Edam-Volendam,3111.0,,16483.0,
2021 ,Ede,11726.0,,99149.0,
2021 ,Eemnes,1517.0,,12079.0,
2021 ,Eemsdelta,7783.0,,104182.0,
2021 ,Eersel,2725.0,,26065.0,
2021 ,Eijsden-Margraten,3996.0,,25905.0,
2021 ,Eindhoven,21448.0,,141105.0,
2021 ,Elburg,3055.0,,19038.0,
2021 ,Emmen,13679.0,,167430.0,
2021 ,Enkhuizen,1494.0,,8007.0,
2021 ,Enschede,11339.0,,96725.0,
2021 ,Epe,3314.0,,27754.0,
2021 ,Ermelo,3417.0,,26634.0,
2021 ,Etten-Leur,3741.0,,39217.0,
2021 ,Flevoland (PV),46201.0,,585708.0,436.0
2021 ,Fryslân (PV),92028.0,,865297.0,690.0
2021 ,Geertruidenberg,2072.0,,22436.0,
2021 ,Gelderland (PV),231904.0,,1885896.0,1411.0
2021 ,Geldrop-Mierlo,5043.0,,24369.0,
2021 ,Gemeenten; niet in te delen,426.0,,14389.0,12.0
2021 ,Gemert-Bakel,4377.0,,50439.0,
2021 ,Gennep,2303.0,,36743.0,
2021 ,Gilze en Rijen,2716.0,,25015.0,
2021 ,Goeree-Overflakkee,7438.0,,149436.0,
2021 ,Goes,5677.0,,36159.0,
2021 ,Goirle,2418.0,,18806.0,
2021 ,Gooise Meren,3405.0,,15087.0,
2021 ,Gorinchem,2822.0,,20184.0,
2021 ,Gouda,5532.0,,24293.0,
2021 ,Grave,1520.0,,8764.0,
2021 ,Groningen (PV),77736.0,,1156477.0,901.0
2021 ,Groningen (gemeente),23956.0,,146201.0,
2021 ,Gulpen-Wittem,1784.0,,10234.0,
2021 ,Haaksbergen,2902.0,,20289.0,
2021 ,Haarlem,9222.0,,38339.0,
2021 ,Haarlemmermeer,16066.0,,142255.0,
2021 ,Halderberge,3626.0,,41474.0,
2021 ,Hardenberg,7425.0,,94520.0,
2021 ,Harderwijk,4818.0,,27655.0,
2021 ,Hardinxveld-Giessendam,2568.0,,12472.0,
2021 ,Harlingen,3116.0,,20815.0,
2021 ,Hattem,1180.0,,5704.0,
2021 ,Heemskerk,4421.0,,17917.0,
2021 ,Heemstede,2108.0,,9281.0,
2021 ,Heerde,2158.0,,12215.0,
2021 ,Heerenveen,6735.0,,81391.0,
2021 ,Heerhugowaard,8617.0,,53541.0,
2021 ,Heerlen,7429.0,,47022.0,
2021 ,Heeze-Leende,2365.0,,21102.0,
2021 ,Heiloo,4228.0,,15257.0,
2021 ,Hellendoorn,4444.0,,33130.0,
2021 ,Hellevoetsluis,3598.0,,16382.0,
2021 ,Helmond,9732.0,,50045.0,
2021 ,Hendrik-Ido-Ambacht,2829.0,,10489.0,
2021 ,Hengelo (O.),7062.0,,50004.0,
2021 ,Het Hogeland,8476.0,,103540.0,
2021 ,Heumen,2585.0,,13095.0,
2021 ,Heusden,4878.0,,41223.0,
2021 ,Hillegom,2228.0,,15014.0,
2021 ,Hilvarenbeek,1854.0,,24746.0,
2021 ,Hilversum,5732.0,,22209.0,
2021 ,Hoeksche Waard,10523.0,,86342.0,
2021 ,Hof van Twente,4676.0,,75625.0,
2021 ,Hollands Kroon,6897.0,,102272.0,
2021 ,Hoogeveen,7835.0,,102922.0,
2021 ,Hoorn,7264.0,,31512.0,
2021 ,Horst aan de Maas,7130.0,,79754.0,
2021 ,Houten,5973.0,,62980.0,
2021 ,Huizen,4609.0,,16649.0,
2021 ,Hulst,4765.0,,25578.0,
2021 ,IJsselstein,2914.0,,15041.0,
2021 ,Kaag en Braassem,4016.0,,21006.0,
2021 ,Kampen,6181.0,,62859.0,
2021 ,Kapelle,2152.0,,14992.0,
2021 ,Katwijk,4857.0,,25916.0,
2021 ,Kerkrade,6193.0,,45228.0,
2021 ,Koggenland,3092.0,,24518.0,
2021 ,Krimpen aan den IJssel,2128.0,,9898.0,
2021 ,Krimpenerwaard,5112.0,,34769.0,
2021 ,Laarbeek,3080.0,,26660.0,
2021 ,Landerd,2132.0,,20351.0,
2021 ,Landgraaf,5205.0,,36831.0,
2021 ,Landsmeer,1195.0,,5478.0,
2021 ,Langedijk,4295.0,,25590.0,
2021 ,Lansingerland,7769.0,,75601.0,
2021 ,Laren (NH.),395.0,,2043.0,
2021 ,Leeuwarden,15464.0,,131111.0,
2021 ,Leiden,6659.0,,25985.0,
2021 ,Leiderdorp,2321.0,,8963.0,
2021 ,Leidschendam-Voorburg,3736.0,,15580.0,
2021 ,Lelystad,9974.0,,148804.0,
2021 ,Leudal,5611.0,,52823.0,
2021 ,Leusden,4023.0,,22815.0,
2021 ,Limburg (PV),145009.0,,1176294.0,912.0
2021 ,Lingewaard,6860.0,,54223.0,
2021 ,Lisse,3056.0,,11527.0,
2021 ,Lochem,4554.0,,58221.0,
2021 ,Loon op Zand,2356.0,,13672.0,
2021 ,Lopik,1664.0,,15015.0,
2021 ,Losser,3005.0,,48735.0,
2021 ,Maasdriel,3690.0,,27248.0,
2021 ,Maasgouw,4141.0,,20661.0,
2021 ,Maassluis,2163.0,,8824.0,
2021 ,Maastricht,8254.0,,59230.0,
2021 ,Medemblik,6715.0,,91327.0,
2021 ,Meerssen,2802.0,,13985.0,
2021 ,Meierijstad,12012.0,,131827.0,
2021 ,Meppel,4277.0,,21259.0,
2021 ,Middelburg (Z.),5881.0,,39181.0,
2021 ,Midden-Delfland,2419.0,,17967.0,
2021 ,Midden-Drenthe,6425.0,,78358.0,
2021 ,Midden-Groningen,10566.0,,280487.0,
2021 ,Mill en Sint Hubert,1441.0,,13125.0,
2021 ,Moerdijk,4459.0,,89769.0,
2021 ,Molenlanden,4428.0,,40722.0,
2021 ,Montferland,6130.0,,42708.0,
2021 ,Montfoort,1596.0,,18083.0,
2021 ,Mook en Middelaar,1221.0,,6033.0,
2021 ,Neder-Betuwe,2436.0,,27781.0,
2021 ,Nederland,1730285.0,,14822880.0,11304.0
2021 ,Nederweert,2806.0,,42816.0,
2021 ,Niet in te delen (LD),426.0,,14389.0,12.0
2021 ,Niet in te delen (PV),426.0,,14389.0,12.0
2021 ,Nieuwegein,5474.0,,51421.0,
2021 ,Nieuwkoop,3065.0,,20892.0,
2021 ,Nijkerk,5328.0,,41233.0,
2021 ,Nijmegen,15567.0,,70602.0,
2021 ,Nissewaard,7998.0,,29895.0,
2021 ,Noardeast-Fryslân,6641.0,,49472.0,
2021 ,Noord-Beveland,1424.0,,11665.0,
2021 ,Noord-Brabant (PV),276145.0,,2577937.0,1959.0
2021 ,Noord-Holland (PV),218003.0,,1440930.0,1114.0
2021 ,Noord-Nederland (LD),246365.0,,2919133.0,2283.0
2021 ,Noordenveld,5155.0,,29897.0,
2021 ,Noordoostpolder,6016.0,,141836.0,
2021 ,Noordwijk,4456.0,,26137.0,
2021 ,"Nuenen, Gerwen en Nederwetten",3267.0,,19785.0,
2021 ,Nunspeet,2497.0,,17387.0,
2021 ,Oegstgeest,2573.0,,11387.0,
2021 ,Oirschot,2224.0,,31297.0,
2021 ,Oisterwijk,3187.0,,28787.0,
2021 ,Oldambt,5897.0,,49519.0,
2021 ,Oldebroek,2765.0,,24712.0,
2021 ,Oldenzaal,3694.0,,34389.0,
2021 ,Olst-Wijhe,3180.0,,18484.0,
2021 ,Ommen,2507.0,,26804.0,
2021 ,Oost Gelre,3819.0,,35633.0,
2021 ,Oost-Nederland (LD),407109.0,,3740599.0,2778.0
2021 ,Oosterhout,5548.0,,44769.0,
2021 ,Ooststellingwerf,4938.0,,109815.0,
2021 ,Oostzaan,952.0,,6506.0,
2021 ,Opmeer,1641.0,,12104.0,
2021 ,Opsterland,3984.0,,45287.0,
2021 ,Oss,11482.0,,89990.0,
2021 ,Oude IJsselstreek,5334.0,,43890.0,
2021 ,Ouder-Amstel,1309.0,,7199.0,
2021 ,Oudewater,1118.0,,7980.0,
2021 ,Overbetuwe,5803.0,,48441.0,
2021 ,Overijssel (PV),129004.0,,1268994.0,931.0
2021 ,Papendrecht,2304.0,,11253.0,
2021 ,Peel en Maas,7583.0,,84264.0,
2021 ,Pekela,1375.0,,19963.0,
2021 ,Pijnacker-Nootdorp,6882.0,,38290.0,
2021 ,Purmerend,5280.0,,30494.0,
2021 ,Putten,2453.0,,21349.0,
2021 ,Raalte,6718.0,,52740.0,
2021 ,Reimerswaal,2950.0,,47405.0,
2021 ,Renkum,3064.0,,14060.0,
2021 ,Renswoude,610.0,,7393.0,
2021 ,Reusel-De Mierden,1737.0,,31146.0,
2021 ,Rheden,3360.0,,22259.0,
2021 ,Rhenen,2263.0,,13748.0,
2021 ,Ridderkerk,3646.0,,25364.0,
2021 ,Rijssen-Holten,4045.0,,55477.0,
2021 ,Rijswijk (ZH.),3865.0,,14083.0,
2021 ,Roerdalen,3549.0,,21017.0,
2021 ,Roermond,6740.0,,43848.0,
2021 ,Roosendaal,6929.0,,99943.0,
2021 ,Rotterdam,16672.0,,102091.0,
2021 ,Rozendaal,288.0,,1717.0,
2021 ,Rucphen,2369.0,,15015.0,
2021 ,Schagen,6153.0,,81077.0,
2021 ,Scherpenzeel,1090.0,,8034.0,
2021 ,Schiedam,2951.0,,15845.0,
2021 ,Schiermonnikoog,193.0,,2474.0,
2021 ,Schouwen-Duiveland,5531.0,,46069.0,
2021 ,Simpelveld,1335.0,,6563.0,
2021 ,Sint Anthonis,1584.0,,25864.0,
2021 ,Sint-Michielsgestel,4139.0,,25768.0,
2021 ,Sittard-Geleen,10848.0,,76546.0,
2021 ,Sliedrecht,1841.0,,13311.0,
2021 ,Sluis,3214.0,,20829.0,
2021 ,Smallingerland,7064.0,,54173.0,
2021 ,Soest,4532.0,,25123.0,
2021 ,Someren,3095.0,,60515.0,
2021 ,Son en Breugel,2563.0,,30122.0,
2021 ,Stadskanaal,3319.0,,141817.0,
2021 ,Staphorst,1820.0,,17136.0,
2021 ,Stede Broec,3041.0,,17830.0,
2021 ,Steenbergen,3139.0,,27627.0,
2021 ,Steenwijkerland,5159.0,,35938.0,
2021 ,Stein (L.),4344.0,,20591.0,
2021 ,Stichtse Vecht,5829.0,,27483.0,
2021 ,Súdwest-Fryslân,11944.0,,88091.0,
2021 ,Terneuzen,7231.0,,76976.0,
2021 ,Terschelling,535.0,,4437.0,
2021 ,Texel,2172.0,,16156.0,
2021 ,Teylingen,4502.0,,26680.0,
2021 ,Tholen,3502.0,,45911.0,
2021 ,Tiel,3640.0,,29154.0,
2021 ,Tilburg,17576.0,,136306.0,
2021 ,Tubbergen,2489.0,,27436.0,
2021 ,Twenterand,3530.0,,54948.0,
2021 ,Tynaarlo,6032.0,,74263.0,
2021 ,Tytsjerksteradiel,5029.0,,41721.0,
2021 ,Uden,6974.0,,59657.0,
2021 ,Uitgeest,2327.0,,9127.0,
2021 ,Uithoorn,3286.0,,22881.0,
2021 ,Urk,1731.0,,12461.0,
2021 ,Utrecht (PV),132865.0,,781852.0,597.0
2021 ,Utrecht (gemeente),25451.0,,128928.0,
2021 ,Utrechtse Heuvelrug,5992.0,,28576.0,
2021 ,Vaals,1114.0,,4283.0,
2021 ,Valkenburg aan de Geul,1838.0,,10450.0,
2021 ,Valkenswaard,4304.0,,26683.0,
2021 ,Veendam,4194.0,,51816.0,
2021 ,Veenendaal,7380.0,,38059.0,
2021 ,Veere,3977.0,,25551.0,
2021 ,Veldhoven,5710.0,,37255.0,
2021 ,Velsen,4390.0,,24003.0,
2021 ,Venlo,13511.0,,146172.0,
2021 ,Venray,7270.0,,91638.0,
2021 ,Vijfheerenlanden,7235.0,,46409.0,
2021 ,Vlaardingen,3587.0,,15813.0,
2021 ,Vlieland,221.0,,2228.0,
2021 ,Vlissingen,6425.0,,47309.0,
2021 ,Voerendaal,1759.0,,8361.0,
2021 ,Voorschoten,1887.0,,7742.0,
2021 ,Voorst,2910.0,,86000.0,
2021 ,Vught,2903.0,,17019.0,
2021 ,Waadhoeke,6237.0,,58380.0,
2021 ,Waalre,2275.0,,13200.0,
2021 ,Waalwijk,3993.0,,56007.0,
2021 ,Waddinxveen,2975.0,,26486.0,
2021 ,Wageningen,4031.0,,27454.0,
2021 ,Wassenaar,1586.0,,6824.0,
2021 ,Waterland,1652.0,,7510.0,
2021 ,Weert,6753.0,,68255.0,
2021 ,Weesp,1752.0,,9597.0,
2021 ,West Betuwe,6759.0,,76253.0,
2021 ,West Maas en Waal,3502.0,,31949.0,
2021 ,West-Nederland (LD),655231.0,,4394528.0,3362.0
2021 ,Westerkwartier,9390.0,,110278.0,
2021 ,Westerveld,3813.0,,20209.0,
2021 ,Westervoort,1541.0,,7357.0,
2021 ,Westerwolde,2780.0,,148673.0,
2021 ,Westland,10214.0,,82431.0,
2021 ,Weststellingwerf,4647.0,,46800.0,
2021 ,Westvoorne,2021.0,,12543.0,
2021 ,Wierden,3104.0,,34108.0,
2021 ,Wijchen,5085.0,,37499.0,
2021 ,Wijdemeren,2292.0,,21690.0,
2021 ,Wijk bij Duurstede,2877.0,,15024.0,
2021 ,Winterswijk,3630.0,,25568.0,
2021 ,Woensdrecht,2382.0,,20634.0,
2021 ,Woerden,5816.0,,37057.0,
2021 ,Wormerland,2080.0,,10348.0,
2021 ,Woudenberg,1841.0,,11541.0,
2021 ,Zaanstad,10288.0,,61482.0,
2021 ,Zaltbommel,3882.0,,39511.0,
2021 ,Zandvoort,650.0,,2534.0,
2021 ,Zeeland (PV),56569.0,,543027.0,434.0
2021 ,Zeewolde,3245.0,,52963.0,
2021 ,Zeist,5040.0,,23513.0,
2021 ,Zevenaar,5424.0,,38730.0,
2021 ,Zoetermeer,9732.0,,43318.0,
2021 ,Zoeterwoude,1261.0,,14270.0,
2021 ,Zuid-Holland (PV),247794.0,,1628720.0,1217.0
2021 ,Zuid-Nederland (LD),421154.0,,3754231.0,2870.0
2021 ,Zuidplas,4861.0,,43261.0,
2021 ,Zundert,2447.0,,21447.0,
2021 ,Zutphen,4752.0,,42827.0,
2021 ,Zwartewaterland,2166.0,,24937.0,
2021 ,Zwijndrecht,3286.0,,83470.0,
2021 ,Zwolle,16202.0,,156364.0,
2022,'s-Gravenhage (gemeente),26292.0,103391.0,112311.0,
2022,'s-Hertogenbosch,19234.0,120106.0,133749.0,
2022,Aa en Hunze,5360.0,37043.0,38849.0,
2022,Aalsmeer,4196.0,37101.0,43073.0,
2022,Aalten,4169.0,37741.0,43101.0,
2022,Achtkarspelen,4119.0,36156.0,40771.0,
2022,Alblasserdam,1969.0,15852.0,18128.0,
2022,Albrandswaard,3483.0,18372.0,21659.0,
2022,Alkmaar,14650.0,71081.0,76531.0,
2022,Almelo,8701.0,96653.0,114137.0,
2022,Almere,25261.0,147976.0,156931.0,
2022,Alphen aan den Rijn,16068.0,82809.0,90506.0,
2022,Alphen-Chaam,1509.0,16198.0,18123.0,
2022,Altena,7818.0,62757.0,70778.0,
2022,Ameland,743.0,10021.0,10255.0,
2022,Amersfoort,23372.0,102709.0,116225.0,
2022,Amstelveen,7419.0,35962.0,38488.0,
2022,Amsterdam,33257.0,187150.0,208180.0,
2022,Apeldoorn,24583.0,148187.0,169504.0,
2022,Arnhem,14490.0,85915.0,91966.0,
2022,Assen,11992.0,61462.0,66953.0,
2022,Asten,2865.0,35212.0,38552.0,
2022,Baarle-Nassau,916.0,15655.0,17820.0,
2022,Baarn,3108.0,12130.0,12923.0,
2022,Barendrecht,6753.0,37346.0,42472.0,
2022,Barneveld,8841.0,87884.0,98436.0,
2022,Beek (L.),3032.0,15874.0,16834.0,
2022,Beekdaelen,6719.0,37835.0,40746.0,
2022,Beesel,2434.0,14863.0,16362.0,
2022,Berg en Dal,5123.0,26606.0,28640.0,
2022,Bergeijk,3192.0,31957.0,35138.0,
2022,Bergen (L.),2281.0,16580.0,18121.0,
2022,Bergen (NH.),6271.0,27752.0,29444.0,
2022,Bergen op Zoom,9675.0,49490.0,55103.0,
2022,Berkelland,7018.0,72731.0,84202.0,
2022,Bernheze,5580.0,52028.0,58135.0,
2022,Best,5363.0,39986.0,45759.0,
2022,Beuningen,4073.0,30070.0,32604.0,
2022,Beverwijk,4586.0,18108.0,19240.0,
2022,Bladel,3419.0,36347.0,42891.0,
2022,Blaricum,1414.0,5790.0,6244.0,
2022,Bloemendaal,2040.0,9273.0,10230.0,
2022,Bodegraven-Reeuwijk,6117.0,35471.0,38825.0,
2022,Boekel,1949.0,29198.0,35884.0,
2022,Borger-Odoorn,5277.0,303976.0,326244.0,
2022,Borne,4082.0,20366.0,21657.0,
2022,Borsele,5527.0,94981.0,120088.0,
2022,Boxtel,5075.0,32694.0,35275.0,
2022,Breda,15876.0,120875.0,143150.0,
2022,Brielle,2366.0,12758.0,13782.0,
2022,Bronckhorst,6007.0,48857.0,53988.0,
2022,Brummen,4140.0,31670.0,35152.0,
2022,Brunssum,3636.0,15758.0,16400.0,
2022,Bunnik,3024.0,16753.0,18173.0,
2022,Bunschoten,3067.0,25937.0,31165.0,
2022,Buren,4468.0,36532.0,40137.0,
2022,Capelle aan den IJssel,4726.0,20611.0,22659.0,
2022,Castricum,7393.0,25408.0,26504.0,
2022,Coevorden,7255.0,140160.0,160275.0,
2022,Cranendonck,3793.0,63696.0,77678.0,
2022,Culemborg,4669.0,22912.0,25127.0,
2022,Dalfsen,6185.0,44018.0,48432.0,
2022,Dantumadiel,4299.0,20058.0,21733.0,
2022,De Bilt,4443.0,22160.0,23929.0,
2022,De Fryske Marren,10545.0,77130.0,83798.0,
2022,De Ronde Venen,7890.0,33943.0,36430.0,
2022,De Wolden,5256.0,31876.0,34633.0,
2022,Delft,7818.0,30812.0,32862.0,
2022,Den Helder,9707.0,61616.0,73241.0,
2022,Deurne,5242.0,56302.0,63147.0,
2022,Deventer,11909.0,80917.0,93393.0,
2022,Diemen,2938.0,12198.0,12578.0,
2022,Dijk en Waard,16920.0,91713.0,100609.0,
2022,Dinkelland,4598.0,44753.0,49398.0,
2022,Doesburg,1468.0,7286.0,7649.0,
2022,Doetinchem,9521.0,50119.0,53152.0,
2022,Dongen,3679.0,28536.0,34373.0,
2022,Dordrecht,9686.0,61017.0,69994.0,
2022,Drechterland,4047.0,29783.0,32318.0,
2022,Drenthe (PV),93881.0,1223811.0,1373921.0,1072.0
2022,Drimmelen,3713.0,31335.0,37038.0,
2022,Dronten,8054.0,246969.0,265461.0,
2022,Druten,3060.0,39880.0,53289.0,
2022,Duiven,3574.0,26749.0,29894.0,
2022,Echt-Susteren,6019.0,38321.0,41541.0,
2022,Edam-Volendam,4540.0,21635.0,23305.0,
2022,Ede,15286.0,118118.0,129428.0,
2022,Eemnes,1897.0,12875.0,14361.0,
2022,Eemsdelta,9517.0,100934.0,119798.0,
2022,Eersel,3378.0,28085.0,30314.0,
2022,Eijsden-Margraten,4860.0,29426.0,32251.0,
2022,Eindhoven,27318.0,157008.0,174842.0,
2022,Elburg,3923.0,22379.0,23470.0,
2022,Emmen,17725.0,173164.0,198175.0,
2022,Enkhuizen,1949.0,11383.0,12344.0,
2022,Enschede,15026.0,115971.0,124176.0,
2022,Epe,4380.0,30548.0,33681.0,
2022,Ermelo,4173.0,30713.0,35340.0,
2022,Etten-Leur,5157.0,43057.0,50179.0,
2022,Flevoland (PV),61319.0,822438.0,893172.0,654.0
2022,Fryslân (PV),117815.0,955883.0,1040289.0,917.0
2022,Geertruidenberg,2679.0,27375.0,30869.0,
2022,Gelderland (PV),304474.0,2242512.0,2492612.0,2157.0
2022,Geldrop-Mierlo,6200.0,28938.0,30607.0,
2022,Gemeenten; niet in te delen,509.0,14768.0,17208.0,16.0
2022,Gemert-Bakel,5411.0,55052.0,61980.0,
2022,Gennep,2942.0,34223.0,40896.0,
2022,Gilze en Rijen,3452.0,27661.0,30604.0,
2022,Goeree-Overflakkee,10595.0,146265.0,168189.0,
2022,Goes,8276.0,44845.0,49508.0,
2022,Goirle,3167.0,22265.0,24447.0,
2022,Gooise Meren,4838.0,20353.0,21745.0,
2022,Gorinchem,4319.0,24227.0,26200.0,
2022,Gouda,7877.0,31134.0,33540.0,
2022,Groningen (PV),98213.0,1155914.0,1334696.0,1182.0
2022,Groningen (gemeente),29704.0,154923.0,168271.0,
2022,Gulpen-Wittem,2177.0,12374.0,13079.0,
2022,Haaksbergen,3808.0,27042.0,29269.0,
2022,Haarlem,12227.0,47249.0,49971.0,
2022,Haarlemmermeer,21531.0,154629.0,170310.0,
2022,Halderberge,4653.0,44244.0,52841.0,
2022,Hardenberg,9789.0,120390.0,140404.0,
2022,Harderwijk,6345.0,38623.0,41259.0,
2022,Hardinxveld-Giessendam,3301.0,16056.0,18189.0,
2022,Harlingen,3826.0,21249.0,23031.0,
2022,Hattem,1611.0,7681.0,8248.0,
2022,Heemskerk,5474.0,21669.0,22754.0,
2022,Heemstede,3075.0,11572.0,12711.0,
2022,Heerde,2788.0,15809.0,17027.0,
2022,Heerenveen,8422.0,86167.0,98267.0,
2022,Heerlen,9091.0,53059.0,57072.0,
2022,Heeze-Leende,3159.0,25324.0,28331.0,
2022,Heiloo,5100.0,18340.0,19130.0,
2022,Hellendoorn,5826.0,40594.0,43715.0,
2022,Hellevoetsluis,5199.0,22336.0,23968.0,
2022,Helmond,12468.0,60688.0,67245.0,
2022,Hendrik-Ido-Ambacht,4449.0,16185.0,17606.0,
2022,Hengelo (O.),9795.0,61697.0,66325.0,
2022,Het Hogeland,10360.0,106061.0,124674.0,
2022,Heumen,3170.0,15675.0,16544.0,
2022,Heusden,6372.0,51576.0,59530.0,
2022,Hillegom,2963.0,17375.0,18314.0,
2022,Hilvarenbeek,2377.0,29622.0,34691.0,
2022,Hilversum,7709.0,29645.0,31153.0,
2022,Hoeksche Waard,14809.0,97450.0,110926.0,
2022,Hof van Twente,6066.0,76873.0,91177.0,
2022,Hollands Kroon,8919.0,157249.0,169951.0,
2022,Hoogeveen,9600.0,209693.0,240019.0,
2022,Hoorn,9750.0,41060.0,43786.0,
2022,Horst aan de Maas,8978.0,93364.0,105586.0,
2022,Houten,7802.0,59789.0,73448.0,
2022,Huizen,5888.0,20965.0,21791.0,
2022,Hulst,6892.0,33288.0,36707.0,
2022,IJsselstein,4204.0,18672.0,20441.0,
2022,Kaag en Braassem,5318.0,26921.0,28666.0,
2022,Kampen,7774.0,67548.0,73488.0,
2022,Kapelle,3104.0,17887.0,19616.0,
2022,Katwijk,6911.0,32400.0,35084.0,
2022,Kerkrade,7321.0,43681.0,51285.0,
2022,Koggenland,4086.0,29262.0,31868.0,
2022,Krimpen aan den IJssel,3205.0,13599.0,14504.0,
2022,Krimpenerwaard,8279.0,44318.0,49686.0,
2022,Laarbeek,4025.0,44407.0,51349.0,
2022,Land van Cuijk,15200.0,146266.0,162942.0,
2022,Landgraaf,6295.0,39186.0,42841.0,
2022,Landsmeer,1501.0,6851.0,7181.0,
2022,Lansingerland,11228.0,88224.0,103994.0,
2022,Laren (NH.),662.0,3250.0,3451.0,
2022,Leeuwarden,18852.0,141352.0,150014.0,
2022,Leiden,8745.0,32523.0,34312.0,
2022,Leiderdorp,2909.0,11100.0,11640.0,
2022,Leidschendam-Voorburg,5252.0,20090.0,21468.0,
2022,Lelystad,12755.0,196286.0,219083.0,
2022,Leudal,6959.0,59964.0,66366.0,
2022,Leusden,5602.0,28086.0,31260.0,
2022,Limburg (PV),180796.0,1318279.0,1485089.0,1289.0
2022,Lingewaard,9130.0,60789.0,67145.0,
2022,Lisse,3927.0,15269.0,16315.0,
2022,Lochem,5723.0,87841.0,101097.0,
2022,Loon op Zand,3087.0,19647.0,23607.0,
2022,Lopik,2246.0,18033.0,19555.0,
2022,Losser,3851.0,46868.0,54356.0,
2022,Maasdriel,4962.0,32747.0,35141.0,
2022,Maasgouw,5232.0,25169.0,26506.0,
2022,Maashorst,11191.0,85690.0,93826.0,
2022,Maassluis,3414.0,13163.0,14761.0,
2022,Maastricht,11023.0,64839.0,74322.0,
2022,Medemblik,8586.0,87669.0,104841.0,
2022,Meerssen,3379.0,16696.0,17711.0,
2022,Meierijstad,14683.0,144924.0,168144.0,
2022,Meppel,5123.0,25377.0,26912.0,
2022,Middelburg (Z.),8755.0,44552.0,52070.0,
2022,Midden-Delfland,3495.0,26371.0,31703.0,
2022,Midden-Drenthe,7539.0,72322.0,86584.0,
2022,Midden-Groningen,13119.0,235945.0,302214.0,
2022,Moerdijk,5861.0,101454.0,115909.0,
2022,Molenlanden,6362.0,48702.0,54995.0,
2022,Montferland,7777.0,49387.0,53384.0,
2022,Montfoort,2297.0,20358.0,22301.0,
2022,Mook en Middelaar,1556.0,7303.0,7667.0,
2022,Neder-Betuwe,3680.0,53834.0,60380.0,
2022,Nederland,2298859.0,17451365.0,19536096.0,16659.0
2022,Nederweert,3401.0,41999.0,47173.0,
2022,Niet in te delen (LD),509.0,14768.0,17208.0,16.0
2022,Niet in te delen (PV),509.0,14768.0,17208.0,16.0
2022,Nieuwegein,7442.0,54317.0,61088.0,
2022,Nieuwkoop,4049.0,25874.0,27243.0,
2022,Nijkerk,6985.0,49782.0,54100.0,
2022,Nijmegen,19951.0,92293.0,98921.0,
2022,Nissewaard,11366.0,40794.0,43452.0,
2022,Noardeast-Fryslân,9062.0,58468.0,62283.0,
2022,Noord-Beveland,2658.0,16128.0,17711.0,
2022,Noord-Brabant (PV),357763.0,2931556.0,3332012.0,2853.0
2022,Noord-Holland (PV),289282.0,1704341.0,1872015.0,1619.0
2022,Noord-Nederland (LD),309909.0,3335609.0,3748906.0,3172.0
2022,Noordenveld,6687.0,72704.0,86766.0,
2022,Noordoostpolder,8396.0,157892.0,172744.0,
2022,Noordwijk,6175.0,33894.0,35950.0,
2022,"Nuenen, Gerwen en Nederwetten",4033.0,23149.0,24894.0,
2022,Nunspeet,3359.0,20967.0,22563.0,
2022,Oegstgeest,3333.0,14095.0,15373.0,
2022,Oirschot,2758.0,31905.0,36754.0,
2022,Oisterwijk,4155.0,33194.0,37159.0,
2022,Oldambt,7779.0,55467.0,62031.0,
2022,Oldebroek,3525.0,26636.0,28721.0,
2022,Oldenzaal,5072.0,37527.0,43989.0,
2022,Olst-Wijhe,3759.0,29465.0,36130.0,
2022,Ommen,3065.0,28879.0,33088.0,
2022,Oost Gelre,4925.0,42626.0,46043.0,
2022,Oost-Nederland (LD),532433.0,4490272.0,4996742.0,4195.0
2022,Oosterhout,7412.0,54725.0,61928.0,
2022,Ooststellingwerf,6312.0,109749.0,115831.0,
2022,Oostzaan,1189.0,7363.0,7847.0,
2022,Opmeer,2062.0,14766.0,16045.0,
2022,Opsterland,5030.0,58270.0,67734.0,
2022,Oss,14748.0,106802.0,118363.0,
2022,Oude IJsselstreek,6756.0,52608.0,56249.0,
2022,Ouder-Amstel,1662.0,7766.0,8304.0,
2022,Oudewater,1547.0,10718.0,11640.0,
2022,Overbetuwe,7650.0,56878.0,64214.0,
2022,Overijssel (PV),166640.0,1425321.0,1610957.0,1385.0
2022,Papendrecht,3366.0,14554.0,15672.0,
2022,Peel en Maas,9256.0,92361.0,107766.0,
2022,Pekela,2012.0,25987.0,28879.0,
2022,Pijnacker-Nootdorp,9635.0,45901.0,49049.0,
2022,Purmerend,10163.0,48793.0,53848.0,
2022,Putten,3280.0,28728.0,31928.0,
2022,Raalte,7868.0,58051.0,64826.0,
2022,Reimerswaal,4620.0,53766.0,58071.0,
2022,Renkum,3897.0,17772.0,18878.0,
2022,Renswoude,1003.0,9090.0,10499.0,
2022,Reusel-De Mierden,2283.0,31495.0,35578.0,
2022,Rheden,4751.0,26693.0,28914.0,
2022,Rhenen,3276.0,16659.0,18336.0,
2022,Ridderkerk,5294.0,32601.0,37236.0,
2022,Rijssen-Holten,5330.0,58650.0,67819.0,
2022,Rijswijk (ZH.),5868.0,19727.0,20901.0,
2022,Roerdalen,4411.0,24650.0,26109.0,
2022,Roermond,8681.0,50732.0,55829.0,
2022,Roosendaal,8982.0,96107.0,114940.0,
2022,Rotterdam,26794.0,167172.0,199782.0,
2022,Rozendaal,340.0,1911.0,2006.0,
2022,Rucphen,3169.0,19145.0,20988.0,
2022,Schagen,7917.0,86986.0,97076.0,
2022,Scherpenzeel,1523.0,10688.0,11505.0,
2022,Schiedam,4600.0,20929.0,22505.0,
2022,Schiermonnikoog,260.0,2683.0,2868.0,
2022,Schouwen-Duiveland,8829.0,54354.0,62466.0,
2022,Simpelveld,1613.0,7971.0,8464.0,
2022,Sint-Michielsgestel,5021.0,30609.0,33338.0,
2022,Sittard-Geleen,13980.0,89739.0,100823.0,
2022,Sliedrecht,2725.0,15616.0,16859.0,
2022,Sluis,5336.0,30682.0,32935.0,
2022,Smallingerland,9179.0,61308.0,68601.0,
2022,Soest,6168.0,30872.0,33498.0,
2022,Someren,3954.0,60085.0,69046.0,
2022,Son en Breugel,3201.0,31269.0,35542.0,
2022,Stadskanaal,4413.0,165074.0,177475.0,
2022,Staphorst,2428.0,19300.0,20790.0,
2022,Stede Broec,3882.0,20202.0,21673.0,
2022,Steenbergen,4017.0,31501.0,33961.0,
2022,Steenwijkerland,6609.0,41192.0,44732.0,
2022,Stein (L.),5112.0,25477.0,26965.0,
2022,Stichtse Vecht,8060.0,35257.0,38526.0,
2022,Súdwest-Fryslân,15142.0,102678.0,110726.0,
2022,Terneuzen,11169.0,137363.0,157369.0,
2022,Terschelling,650.0,4858.0,5254.0,
2022,Texel,2699.0,17908.0,19006.0,
2022,Teylingen,5854.0,32187.0,33598.0,
2022,Tholen,5657.0,52152.0,57816.0,
2022,Tiel,5521.0,36225.0,40784.0,
2022,Tilburg,24283.0,186885.0,219231.0,
2022,Tubbergen,3386.0,34535.0,38634.0,
2022,Twenterand,4801.0,54097.0,63543.0,
2022,Tynaarlo,7653.0,72633.0,83685.0,
2022,Tytsjerksteradiel,6380.0,43605.0,48221.0,
2022,Uitgeest,2859.0,11234.0,11944.0,
2022,Uithoorn,4356.0,25611.0,28051.0,
2022,Urk,2576.0,17177.0,17721.0,
2022,Utrecht (PV),182955.0,940568.0,1047213.0,909.0
2022,Utrecht (gemeente),35411.0,152078.0,167052.0,
2022,Utrechtse Heuvelrug,8155.0,35558.0,38648.0,
2022,Vaals,1274.0,5119.0,5321.0,
2022,Valkenburg aan de Geul,2301.0,12531.0,13239.0,
2022,Valkenswaard,5266.0,30847.0,34004.0,
2022,Veendam,5282.0,55644.0,63109.0,
2022,Veenendaal,10229.0,47156.0,51483.0,
2022,Veere,5728.0,32494.0,34251.0,
2022,Veldhoven,7319.0,42864.0,46770.0,
2022,Velsen,5999.0,30880.0,34392.0,
2022,Venlo,17497.0,171976.0,206570.0,
2022,Venray,8756.0,94347.0,108985.0,
2022,Vijfheerenlanden,11013.0,60347.0,66158.0,
2022,Vlaardingen,5320.0,20829.0,22719.0,
2022,Vlieland,331.0,2786.0,3098.0,
2022,Vlissingen,8695.0,68743.0,77078.0,
2022,Voerendaal,2151.0,10386.0,10940.0,
2022,Voorschoten,2678.0,10381.0,11072.0,
2022,Voorst,3834.0,75863.0,94146.0,
2022,Vught,3662.0,21573.0,22962.0,
2022,Waadhoeke,8284.0,66686.0,69446.0,
2022,Waalre,2906.0,15570.0,16817.0,
2022,Waalwijk,5527.0,68130.0,79318.0,
2022,Waddinxveen,4708.0,30246.0,34078.0,
2022,Wageningen,5129.0,31367.0,33122.0,
2022,Wassenaar,2390.0,9827.0,10840.0,
2022,Waterland,2217.0,9141.0,9692.0,
2022,Weert,8429.0,72474.0,81316.0,
2022,Weesp,2390.0,11488.0,12328.0,
2022,West Betuwe,9248.0,85511.0,93176.0,
2022,West Maas en Waal,4371.0,36923.0,40055.0,
2022,West-Nederland (LD),917449.0,5360882.0,5956140.0,5135.0
2022,Westerkwartier,12318.0,119118.0,132671.0,
2022,Westerveld,4414.0,23403.0,24826.0,
2022,Westervoort,2054.0,8974.0,9434.0,
2022,Westerwolde,3709.0,136763.0,155573.0,
2022,Westland,17342.0,111568.0,124088.0,
2022,Weststellingwerf,6379.0,52661.0,58360.0,
2022,Westvoorne,2814.0,15317.0,16955.0,
2022,Wierden,4250.0,40139.0,43848.0,
2022,Wijchen,6570.0,51910.0,61154.0,
2022,Wijdemeren,3042.0,21900.0,25331.0,
2022,Wijk bij Duurstede,4008.0,28979.0,34241.0,
2022,Winterswijk,4434.0,29198.0,30997.0,
2022,Woensdrecht,3198.0,24239.0,27551.0,
2022,Woerden,7857.0,42591.0,46229.0,
2022,Wormerland,2780.0,13174.0,14364.0,
2022,Woudenberg,2603.0,14476.0,16279.0,
2022,Zaanstad,14486.0,78000.0,85562.0,
2022,Zaltbommel,5042.0,46889.0,52436.0,
2022,Zandvoort,906.0,3415.0,3580.0,
2022,Zeeland (PV),85246.0,681237.0,775686.0,691.0
2022,Zeewolde,4277.0,56139.0,61233.0,
2022,Zeist,7231.0,31024.0,33326.0,
2022,Zevenaar,6961.0,49086.0,53828.0,
2022,Zoetermeer,14052.0,55427.0,59860.0,
2022,Zoeterwoude,1513.0,14225.0,16123.0,
2022,Zuid-Holland (PV),359966.0,2034735.0,2261226.0,1916.0
2022,Zuid-Nederland (LD),538559.0,4249835.0,4817100.0,4142.0
2022,Zuidplas,7130.0,48978.0,54718.0,
2022,Zundert,3133.0,25808.0,28018.0,
2022,Zutphen,6216.0,45703.0,50454.0,
2022,Zwartewaterland,2996.0,28951.0,31477.0,
2022,Zwijndrecht,5125.0,92448.0,95891.0,
2022,Zwolle,19666.0,150845.0,172154.0,
2023,'s-Gravenhage (gemeente),32623.0,131377.0,144995.0,
2023,'s-Hertogenbosch,25746.0,152922.0,171879.0,
2023,Aa en Hunze,6582.0,43603.0,46238.0,
2023,Aalsmeer,5562.0,47492.0,56589.0,
2023,Aalten,5163.0,44430.0,51111.0,
2023,Achtkarspelen,5320.0,43712.0,49286.0,
2023,Alblasserdam,2534.0,19643.0,23011.0,
2023,Albrandswaard,4625.0,22827.0,26826.0,
2023,Alkmaar,17988.0,88402.0,96998.0,
2023,Almelo,11414.0,111064.0,130336.0,
2023,Almere,31452.0,202641.0,222585.0,
2023,Alphen aan den Rijn,19508.0,102020.0,113015.0,
2023,Alphen-Chaam,2007.0,19902.0,22530.0,
2023,Altena,10322.0,79269.0,90517.0,
2023,Ameland,943.0,11340.0,11834.0,
2023,Amersfoort,27901.0,121399.0,138181.0,
2023,Amstelveen,9382.0,45377.0,49750.0,
2023,Amsterdam,43721.0,239794.0,271511.0,
2023,Apeldoorn,31072.0,178877.0,205731.0,
2023,Arnhem,18598.0,102973.0,111845.0,
2023,Assen,14358.0,73069.0,80133.0,
2023,Asten,3592.0,41383.0,46060.0,
2023,Baarle-Nassau,1207.0,18952.0,21884.0,
2023,Baarn,3918.0,15512.0,16886.0,
2023,Barendrecht,8789.0,46271.0,52719.0,
2023,Barneveld,11117.0,103904.0,117808.0,
2023,Beek (L.),3702.0,19709.0,21353.0,
2023,Beekdaelen,8217.0,45186.0,49229.0,
2023,Beesel,3067.0,23526.0,26875.0,
2023,Berg en Dal,6955.0,33893.0,37165.0,
2023,Bergeijk,4076.0,37941.0,42126.0,
2023,Bergen (L.),3083.0,20414.0,22511.0,
2023,Bergen (NH.),7290.0,33237.0,35684.0,
2023,Bergen op Zoom,12214.0,67171.0,76767.0,
2023,Berkelland,9086.0,114888.0,143614.0,
2023,Bernheze,7055.0,63478.0,71499.0,
2023,Best,6643.0,46992.0,53754.0,
2023,Beuningen,5321.0,45451.0,53898.0,
2023,Beverwijk,5582.0,22085.0,23831.0,
2023,Bladel,4285.0,42053.0,49717.0,
2023,Blaricum,1809.0,7524.0,8302.0,
2023,Bloemendaal,2870.0,12744.0,14192.0,
2023,Bodegraven-Reeuwijk,7437.0,43477.0,48510.0,
2023,Boekel,2476.0,33569.0,41039.0,
2023,Borger-Odoorn,6593.0,311457.0,334818.0,
2023,Borne,5306.0,26335.0,28490.0,
2023,Borsele,6330.0,100550.0,126953.0,
2023,Boxtel,6421.0,39354.0,43042.0,
2023,Breda,21906.0,150336.0,178441.0,
2023,Bronckhorst,7697.0,62151.0,69928.0,
2023,Brummen,5117.0,37576.0,42408.0,
2023,Brunssum,4497.0,19215.0,20320.0,
2023,Bunnik,3558.0,20096.0,22281.0,
2023,Bunschoten,3828.0,29705.0,35654.0,
2023,Buren,6003.0,45396.0,50684.0,
2023,Capelle aan den IJssel,6396.0,27463.0,30531.0,
2023,Castricum,8772.0,31750.0,33629.0,
2023,Coevorden,8956.0,172824.0,204194.0,
2023,Cranendonck,4769.0,69716.0,84903.0,
2023,Culemborg,5764.0,27784.0,30894.0,
2023,Dalfsen,7394.0,57091.0,65412.0,
2023,Dantumadiel,4992.0,24218.0,26646.0,
2023,De Bilt,5682.0,28298.0,31323.0,
2023,De Fryske Marren,13065.0,92211.0,101454.0,
2023,De Ronde Venen,9585.0,41799.0,45778.0,
2023,De Wolden,6221.0,38888.0,43141.0,
2023,Delft,9237.0,38133.0,41861.0,
2023,Den Helder,11610.0,69496.0,82067.0,
2023,Deurne,6519.0,66474.0,75247.0,
2023,Deventer,15405.0,98846.0,114318.0,
2023,Diemen,3417.0,14240.0,14989.0,
2023,Dijk en Waard,20091.0,107515.0,119103.0,
2023,Dinkelland,5853.0,54952.0,61551.0,
2023,Doesburg,1791.0,8809.0,9344.0,
2023,Doetinchem,11636.0,61589.0,66699.0,
2023,Dongen,4789.0,42688.0,50480.0,
2023,Dordrecht,12695.0,88647.0,106556.0,
2023,Drechterland,4881.0,36311.0,39931.0,
2023,Drenthe (PV),116091.0,1446254.0,1641630.0,1322.0
2023,Drimmelen,4834.0,37405.0,44218.0,
2023,Dronten,9566.0,294479.0,318267.0,
2023,Druten,3889.0,44215.0,58334.0,
2023,Duiven,4504.0,31478.0,35356.0,
2023,Echt-Susteren,7508.0,50448.0,56043.0,
2023,Edam-Volendam,6109.0,31169.0,35442.0,
2023,Ede,18800.0,144674.0,161612.0,
2023,Eemnes,2280.0,14618.0,16395.0,
2023,Eemsdelta,11385.0,121040.0,147399.0,
2023,Eersel,4276.0,33919.0,37328.0,
2023,Eijsden-Margraten,5770.0,35250.0,38944.0,
2023,Eindhoven,34704.0,189229.0,212446.0,
2023,Elburg,4697.0,26612.0,28285.0,
2023,Emmen,23214.0,245204.0,277500.0,
2023,Enkhuizen,2656.0,14195.0,15550.0,
2023,Enschede,19949.0,144596.0,156410.0,
2023,Epe,5890.0,38509.0,43164.0,
2023,Ermelo,5067.0,35664.0,40959.0,
2023,Etten-Leur,7244.0,62149.0,74391.0,
2023,Flevoland (PV),76533.0,1073819.0,1184493.0,936.0
2023,Fryslân (PV),143300.0,1131499.0,1248600.0,1014.0
2023,Geertruidenberg,3544.0,31699.0,35896.0,
2023,Gelderland (PV),381994.0,2760191.0,3125250.0,2480.0
2023,Geldrop-Mierlo,7627.0,35630.0,38368.0,
2023,Gemeenten; niet in te delen,520.0,23689.0,28679.0,25.0
2023,Gemert-Bakel,6659.0,64241.0,72863.0,
2023,Gennep,3676.0,38040.0,45212.0,
2023,Gilze en Rijen,4479.0,34505.0,38812.0,
2023,Goeree-Overflakkee,12631.0,158696.0,183160.0,
2023,Goes,9667.0,51360.0,56930.0,
2023,Goirle,4048.0,26618.0,29613.0,
2023,Gooise Meren,6683.0,29128.0,32002.0,
2023,Gorinchem,6011.0,32607.0,35914.0,
2023,Gouda,9840.0,38555.0,42248.0,
2023,Groningen (PV),120133.0,1391598.0,1631399.0,1328.0
2023,Groningen (gemeente),36025.0,208018.0,231794.0,
2023,Gulpen-Wittem,2793.0,15721.0,16954.0,
2023,Haaksbergen,5102.0,34542.0,37896.0,
2023,Haarlem,15672.0,59533.0,64043.0,
2023,Haarlemmermeer,26124.0,188999.0,216255.0,
2023,Halderberge,5892.0,54516.0,65803.0,
2023,Hardenberg,12827.0,152688.0,178285.0,
2023,Harderwijk,7938.0,46307.0,50267.0,
2023,Hardinxveld-Giessendam,3879.0,18908.0,21585.0,
2023,Harlingen,4432.0,23868.0,26043.0,
2023,Hattem,2263.0,10739.0,11716.0,
2023,Heemskerk,6670.0,26779.0,28758.0,
2023,Heemstede,3936.0,15418.0,17141.0,
2023,Heerde,3712.0,20383.0,22408.0,
2023,Heerenveen,10202.0,112037.0,130931.0,
2023,Heerlen,11519.0,66679.0,74408.0,
2023,Heeze-Leende,3886.0,29515.0,33279.0,
2023,Heiloo,5975.0,22163.0,23511.0,
2023,Hellendoorn,7483.0,50170.0,54672.0,
2023,Helmond,15838.0,77242.0,86208.0,
2023,Hendrik-Ido-Ambacht,5637.0,21359.0,23597.0,
2023,Hengelo (O.),13117.0,83796.0,91559.0,
2023,Het Hogeland,12244.0,115681.0,135701.0,
2023,Heumen,3807.0,18922.0,20286.0,
2023,Heusden,8326.0,64148.0,74756.0,
2023,Hillegom,3698.0,21695.0,23514.0,
2023,Hilvarenbeek,3058.0,60510.0,82054.0,
2023,Hilversum,9837.0,39185.0,42218.0,
2023,Hoeksche Waard,18790.0,118241.0,135512.0,
2023,Hof van Twente,7668.0,90578.0,107417.0,
2023,Hollands Kroon,10860.0,170867.0,185915.0,
2023,Hoogeveen,11630.0,220861.0,252669.0,
2023,Hoorn,12093.0,52044.0,56460.0,
2023,Horst aan de Maas,10980.0,123461.0,143715.0,
2023,Houten,10044.0,70500.0,86302.0,
2023,Huizen,7254.0,26570.0,28327.0,
2023,Hulst,7921.0,39285.0,43567.0,
2023,IJsselstein,5373.0,23551.0,26123.0,
2023,Kaag en Braassem,6443.0,33054.0,35763.0,
2023,Kampen,9776.0,79112.0,86899.0,
2023,Kapelle,3551.0,20544.0,22805.0,
2023,Katwijk,8863.0,41327.0,45358.0,
2023,Kerkrade,8813.0,52120.0,61131.0,
2023,Koggenland,5017.0,35452.0,39589.0,
2023,Krimpen aan den IJssel,4414.0,18747.0,20652.0,
2023,Krimpenerwaard,10993.0,58348.0,66793.0,
2023,Laarbeek,4969.0,55412.0,65808.0,
2023,Land van Cuijk,19188.0,172838.0,193320.0,
2023,Landgraaf,7424.0,45186.0,49701.0,
2023,Landsmeer,1760.0,8261.0,8829.0,
2023,Lansingerland,13931.0,116180.0,139184.0,
2023,Laren (NH.),1014.0,4970.0,5494.0,
2023,Leeuwarden,22422.0,161221.0,172630.0,
2023,Leiden,11079.0,42552.0,45848.0,
2023,Leiderdorp,3722.0,14491.0,15508.0,
2023,Leidschendam-Voorburg,7026.0,26705.0,29227.0,
2023,Lelystad,16083.0,256846.0,286639.0,
2023,Leudal,8570.0,71145.0,79333.0,
2023,Leusden,6881.0,34707.0,39257.0,
2023,Limburg (PV),222897.0,1620621.0,1864647.0,1494.0
2023,Lingewaard,11257.0,72487.0,81693.0,
2023,Lisse,4760.0,19128.0,20722.0,
2023,Lochem,7139.0,96406.0,111046.0,
2023,Loon op Zand,4051.0,30965.0,39405.0,
2023,Lopik,2860.0,21696.0,23796.0,
2023,Losser,4945.0,54047.0,62534.0,
2023,Maasdriel,5960.0,40230.0,43847.0,
2023,Maasgouw,6286.0,34450.0,36806.0,
2023,Maashorst,13537.0,100924.0,111790.0,
2023,Maassluis,4944.0,18220.0,20600.0,
2023,Maastricht,13867.0,77177.0,88594.0,
2023,Medemblik,10536.0,102546.0,121913.0,
2023,Meerssen,4186.0,20968.0,22616.0,
2023,Meierijstad,18300.0,169703.0,197339.0,
2023,Meppel,6567.0,32615.0,35189.0,
2023,Middelburg (Z.),10450.0,52388.0,60904.0,
2023,Midden-Delfland,4194.0,32706.0,39110.0,
2023,Midden-Drenthe,8984.0,81214.0,97021.0,
2023,Midden-Groningen,15407.0,247135.0,314681.0,
2023,Moerdijk,7391.0,116886.0,136569.0,
2023,Molenlanden,8300.0,61525.0,71204.0,
2023,Montferland,9536.0,59630.0,65893.0,
2023,Montfoort,2851.0,23995.0,26548.0,
2023,Mook en Middelaar,1938.0,9135.0,9779.0,
2023,Neder-Betuwe,4899.0,63471.0,72658.0,
2023,Nederland,2875487.0,21394768.0,24301725.0,19580.0
2023,Nederweert,4067.0,46871.0,53003.0,
2023,Niet in te delen (LD),520.0,23689.0,28679.0,25.0
2023,Niet in te delen (PV),520.0,23689.0,28679.0,25.0
2023,Nieuwegein,9925.0,62948.0,71109.0,
2023,Nieuwkoop,5051.0,31715.0,33983.0,
2023,Nijkerk,8768.0,60869.0,67222.0,
2023,Nijmegen,23979.0,109794.0,119184.0,
2023,Nissewaard,15308.0,55280.0,60364.0,
2023,Noardeast-Fryslân,10929.0,69711.0,75334.0,
2023,Noord-Beveland,3057.0,17972.0,19816.0,
2023,Noord-Brabant (PV),460314.0,3607684.0,4156315.0,3372.0
2023,Noord-Holland (PV),357848.0,2063534.0,2302293.0,1878.0
2023,Noord-Nederland (LD),379524.0,3969351.0,4521629.0,3663.0
2023,Noordenveld,8352.0,116246.0,145823.0,
2023,Noordoostpolder,10585.0,195952.0,216434.0,
2023,Noordwijk,7987.0,42563.0,45588.0,
2023,"Nuenen, Gerwen en Nederwetten",5068.0,30411.0,33332.0,
2023,Nunspeet,4331.0,27139.0,29729.0,
2023,Oegstgeest,4090.0,17146.0,18852.0,
2023,Oirschot,3624.0,37013.0,42911.0,
2023,Oisterwijk,5321.0,41206.0,47023.0,
2023,Oldambt,9561.0,68631.0,77011.0,
2023,Oldebroek,4420.0,32358.0,35439.0,
2023,Oldenzaal,6415.0,44913.0,52546.0,
2023,Olst-Wijhe,4666.0,34213.0,41722.0,
2023,Ommen,3936.0,34133.0,39212.0,
2023,Oost Gelre,6372.0,54655.0,60290.0,
2023,Oost-Nederland (LD),671946.0,5557457.0,6267252.0,4987.0
2023,Oosterhout,9586.0,68290.0,78901.0,
2023,Ooststellingwerf,7258.0,126044.0,136809.0,
2023,Oostzaan,1438.0,8753.0,9427.0,
2023,Opmeer,2514.0,17866.0,19882.0,
2023,Opsterland,6202.0,67975.0,79336.0,
2023,Oss,18472.0,131111.0,147910.0,
2023,Oude IJsselstreek,8434.0,64676.0,71085.0,
2023,Ouder-Amstel,1974.0,10615.0,12242.0,
2023,Oudewater,1926.0,13122.0,14408.0,
2023,Overbetuwe,9559.0,95932.0,111963.0,
2023,Overijssel (PV),213419.0,1723447.0,1957508.0,1571.0
2023,Papendrecht,4256.0,18707.0,20617.0,
2023,Peel en Maas,11236.0,108690.0,127689.0,
2023,Pekela,2585.0,75499.0,84166.0,
2023,Pijnacker-Nootdorp,11398.0,55610.0,60458.0,
2023,Purmerend,12768.0,61046.0,68281.0,
2023,Putten,4124.0,34782.0,38864.0,
2023,Raalte,9478.0,67761.0,76472.0,
2023,Reimerswaal,5464.0,58769.0,63920.0,
2023,Renkum,4874.0,22039.0,23883.0,
2023,Renswoude,1187.0,10819.0,12659.0,
2023,Reusel-De Mierden,2866.0,35408.0,40345.0,
2023,Rheden,6247.0,34196.0,37483.0,
2023,Rhenen,4066.0,20571.0,22909.0,
2023,Ridderkerk,6687.0,40575.0,46927.0,
2023,Rijssen-Holten,6932.0,66943.0,77403.0,
2023,Rijswijk (ZH.),7001.0,23753.0,25650.0,
2023,Roerdalen,5378.0,29953.0,32234.0,
2023,Roermond,11165.0,64505.0,72693.0,
2023,Roosendaal,11830.0,109976.0,131001.0,
2023,Rotterdam,35062.0,226507.0,279892.0,
2023,Rozendaal,395.0,2242.0,2394.0,
2023,Rucphen,4742.0,26037.0,29164.0,
2023,Schagen,10096.0,100130.0,112026.0,
2023,Scherpenzeel,1864.0,12919.0,14163.0,
2023,Schiedam,5727.0,26273.0,28579.0,
2023,Schiermonnikoog,294.0,2883.0,3093.0,
2023,Schouwen-Duiveland,10437.0,62790.0,72047.0,
2023,Simpelveld,2148.0,10305.0,11093.0,
2023,Sint-Michielsgestel,6262.0,38845.0,42928.0,
2023,Sittard-Geleen,17644.0,110181.0,127426.0,
2023,Sliedrecht,3430.0,19219.0,21121.0,
2023,Sluis,6424.0,38928.0,43558.0,
2023,Smallingerland,11521.0,75488.0,85105.0,
2023,Soest,7470.0,37236.0,41177.0,
2023,Someren,4936.0,73450.0,85755.0,
2023,Son en Breugel,3922.0,35005.0,39824.0,
2023,Stadskanaal,6022.0,174902.0,189035.0,
2023,Staphorst,3054.0,23879.0,26027.0,
2023,Stede Broec,4658.0,24634.0,26827.0,
2023,Steenbergen,5047.0,39365.0,43693.0,
2023,Steenwijkerland,8359.0,51232.0,56300.0,
2023,Stein (L.),6032.0,30147.0,32367.0,
2023,Stichtse Vecht,10222.0,47027.0,52706.0,
2023,Súdwest-Fryslân,18716.0,122913.0,134268.0,
2023,Terneuzen,12930.0,223246.0,255292.0,
2023,Terschelling,1087.0,6802.0,7572.0,
2023,Texel,3305.0,22273.0,24386.0,
2023,Teylingen,7234.0,38430.0,40762.0,
2023,Tholen,6500.0,56434.0,62740.0,
2023,Tiel,7028.0,43444.0,49187.0,
2023,Tilburg,32426.0,233008.0,275853.0,
2023,Tubbergen,4397.0,43353.0,49013.0,
2023,Twenterand,6419.0,63612.0,74487.0,
2023,Tynaarlo,9425.0,81387.0,93561.0,
2023,Tytsjerksteradiel,7692.0,50706.0,56472.0,
2023,Uitgeest,3291.0,13241.0,14310.0,
2023,Uithoorn,5114.0,29001.0,32011.0,
2023,Urk,3429.0,23637.0,24739.0,
2023,Utrecht (PV),226233.0,1161105.0,1313617.0,1050.0
2023,Utrecht (gemeente),43101.0,187821.0,210518.0,
2023,Utrechtse Heuvelrug,9970.0,44443.0,49075.0,
2023,Vaals,1544.0,6505.0,6884.0,
2023,Valkenburg aan de Geul,2887.0,16032.0,17393.0,
2023,Valkenswaard,6695.0,37957.0,42467.0,
2023,Veendam,6214.0,59998.0,68014.0,
2023,Veenendaal,12787.0,57533.0,63756.0,
2023,Veere,6652.0,38009.0,40749.0,
2023,Veldhoven,9355.0,52749.0,58345.0,
2023,Velsen,7714.0,37364.0,41728.0,
2023,Venlo,21625.0,215946.0,271692.0,
2023,Venray,10369.0,107416.0,126271.0,
2023,Vijfheerenlanden,13461.0,73067.0,81332.0,
2023,Vlaardingen,6952.0,27629.0,30583.0,
2023,Vlieland,380.0,3028.0,3375.0,
2023,Vlissingen,9986.0,73925.0,82917.0,
2023,Voerendaal,2618.0,12939.0,13891.0,
2023,Voorne aan Zee,14573.0,76482.0,86286.0,
2023,Voorschoten,3425.0,13744.0,15029.0,
2023,Voorst,4950.0,82147.0,101739.0,
2023,Vught,4850.0,28102.0,30384.0,
2023,Waadhoeke,10450.0,77768.0,82030.0,
2023,Waalre,3638.0,19183.0,21048.0,
2023,Waalwijk,7283.0,81810.0,96476.0,
2023,Waddinxveen,5851.0,35485.0,40219.0,
2023,Wageningen,6261.0,35529.0,37990.0,
2023,Wassenaar,3331.0,13439.0,15000.0,
2023,Waterland,2797.0,12261.0,13427.0,
2023,Weert,10288.0,93300.0,108489.0,
2023,West Betuwe,11615.0,101701.0,112589.0,
2023,West Maas en Waal,5248.0,41967.0,45889.0,
2023,West-Nederland (LD),1140286.0,6615965.0,7463203.0,6039.0
2023,Westerkwartier,15817.0,136755.0,153008.0,
2023,Westerveld,5209.0,28887.0,31344.0,
2023,Westervoort,2592.0,10967.0,11675.0,
2023,Westerwolde,4873.0,183939.0,230589.0,
2023,Westland,22034.0,139268.0,158630.0,
2023,Weststellingwerf,7395.0,59575.0,66382.0,
2023,Wierden,5486.0,47761.0,52442.0,
2023,Wijchen,7896.0,60365.0,71221.0,
2023,Wijdemeren,3997.0,26417.0,30592.0,
2023,Wijk bij Duurstede,5013.0,49576.0,62130.0,
2023,Winterswijk,5587.0,35970.0,38887.0,
2023,Woensdrecht,4152.0,31417.0,36276.0,
2023,Woerden,9826.0,52738.0,58502.0,
2023,Wormerland,3294.0,15611.0,17131.0,
2023,Woudenberg,3070.0,17037.0,19238.0,
2023,Zaanstad,18410.0,95992.0,106456.0,
2023,Zaltbommel,6256.0,57631.0,65854.0,
2023,Zandvoort,1307.0,5084.0,5541.0,
2023,Zeeland (PV),99369.0,834200.0,952198.0,774.0
2023,Zeewolde,5418.0,100265.0,115830.0,
2023,Zeist,9448.0,41290.0,45574.0,
2023,Zevenaar,8741.0,67609.0,79953.0,
2023,Zoetermeer,17226.0,68435.0,74837.0,
2023,Zoeterwoude,1816.0,15768.0,17942.0,
2023,Zuid-Holland (PV),456836.0,2557127.0,2895095.0,2337.0
2023,Zuid-Nederland (LD),683211.0,5228305.0,6020962.0,4866.0
2023,Zuidplas,8941.0,59051.0,66536.0,
2023,Zundert,4361.0,37086.0,42529.0,
2023,Zutphen,7775.0,53811.0,59915.0,
2023,Zwartewaterland,4022.0,35715.0,39306.0,
2023,Zwijndrecht,6457.0,99150.0,103719.0,
2023,Zwolle,24016.0,172119.0,196799.0,
2024,'s-Gravenhage (gemeente),34354.0,138406.0,153179.0,
2024,'s-Hertogenbosch,27306.0,160064.0,180301.0,
2024,Aa en Hunze,6868.0,44977.0,47836.0,
2024,Aalsmeer,5933.0,52009.0,62944.0,
2024,Aalten,5479.0,46421.0,53466.0,
2024,Achtkarspelen,5542.0,44958.0,50775.0,
2024,Alblasserdam,2650.0,20308.0,23791.0,
2024,Albrandswaard,4879.0,23766.0,27903.0,
2024,Alkmaar,18947.0,92532.0,101879.0,
2024,Almelo,12224.0,143901.0,180318.0,
2024,Almere,33293.0,210610.0,231583.0,
2024,Alphen aan den Rijn,20197.0,107180.0,119506.0,
2024,Alphen-Chaam,2092.0,20538.0,23295.0,
2024,Altena,10844.0,82448.0,94230.0,
2024,Ameland,989.0,11617.0,12159.0,
2024,Amersfoort,29554.0,127081.0,144609.0,
2024,Amstelveen,10042.0,48323.0,53079.0,
2024,Amsterdam,46241.0,254007.0,289163.0,
2024,Apeldoorn,32892.0,197000.0,231154.0,
2024,Arnhem,19820.0,108689.0,118206.0,
2024,Assen,14931.0,75867.0,83721.0,
2024,Asten,3735.0,42873.0,47830.0,
2024,Baarle-Nassau,1313.0,19068.0,22107.0,
2024,Baarn,4081.0,16162.0,17631.0,
2024,Barendrecht,9153.0,47780.0,54506.0,
2024,Barneveld,11611.0,128150.0,150249.0,
2024,Beek (L.),3897.0,20488.0,22232.0,
2024,Beekdaelen,8639.0,46971.0,51285.0,
2024,Beesel,3260.0,29641.0,34910.0,
2024,Berg en Dal,7375.0,35453.0,38952.0,
2024,Bergeijk,4241.0,38903.0,43254.0,
2024,Bergen (L.),3417.0,21706.0,24036.0,
2024,Bergen (NH.),7547.0,34509.0,37104.0,
2024,Bergen op Zoom,12655.0,70147.0,80468.0,
2024,Berkelland,9670.0,138135.0,172558.0,
2024,Bernheze,7511.0,66084.0,74443.0,
2024,Best,6944.0,48453.0,55445.0,
2024,Beuningen,5602.0,65413.0,84942.0,
2024,Beverwijk,5883.0,24146.0,26310.0,
2024,Bladel,4457.0,43038.0,50963.0,
2024,Blaricum,1910.0,7985.0,8854.0,
2024,Bloemendaal,3047.0,13977.0,15968.0,
2024,Bodegraven-Reeuwijk,7705.0,88449.0,97954.0,
2024,Boekel,2570.0,34122.0,41674.0,
2024,Borger-Odoorn,6902.0,313106.0,336719.0,
2024,Borne,5594.0,27895.0,30237.0,
2024,Borsele,6537.0,102880.0,129728.0,
2024,Boxtel,6709.0,41132.0,45064.0,
2024,Breda,23404.0,159545.0,189565.0,
2024,Bronckhorst,8088.0,64344.0,72551.0,
2024,Brummen,5380.0,38806.0,43931.0,
2024,Brunssum,4644.0,19851.0,21033.0,
2024,Bunnik,3683.0,39227.0,47436.0,
2024,Bunschoten,3999.0,30747.0,36890.0,
2024,Buren,6322.0,47178.0,52813.0,
2024,Capelle aan den IJssel,6713.0,28771.0,32103.0,
2024,Castricum,9063.0,33073.0,35101.0,
2024,Coevorden,9340.0,194069.0,233276.0,
2024,Cranendonck,4909.0,71087.0,86730.0,
2024,Culemborg,6082.0,29507.0,32980.0,
2024,Dalfsen,7711.0,59002.0,67583.0,
2024,Dantumadiel,5169.0,25187.0,27751.0,
2024,De Bilt,5966.0,29553.0,32798.0,
2024,De Fryske Marren,13687.0,105540.0,119650.0,
2024,De Ronde Venen,10037.0,43929.0,48271.0,
2024,De Wolden,6427.0,40280.0,44864.0,
2024,Delft,9603.0,40140.0,44406.0,
2024,Den Helder,12205.0,72364.0,85277.0,
2024,Deurne,6763.0,68663.0,77959.0,
2024,Deventer,16313.0,109972.0,126725.0,
2024,Diemen,3746.0,14938.0,15789.0,
2024,Dijk en Waard,20953.0,111374.0,123609.0,
2024,Dinkelland,6107.0,57006.0,63884.0,
2024,Doesburg,1893.0,9202.0,9804.0,
2024,Doetinchem,12313.0,69627.0,77920.0,
2024,Dongen,4951.0,43425.0,51329.0,
2024,Dordrecht,13267.0,91628.0,109939.0,
2024,Drechterland,5130.0,37475.0,41264.0,
2024,Drenthe (PV),121527.0,1518060.0,1727962.0,703.0
2024,Drimmelen,5035.0,38729.0,45839.0,
2024,Dronten,10018.0,297798.0,322129.0,
2024,Druten,4122.0,45404.0,59704.0,
2024,Duiven,4757.0,34838.0,40743.0,
2024,Echt-Susteren,7830.0,60651.0,70270.0,
2024,Edam-Volendam,6384.0,32402.0,36907.0,
2024,Ede,19559.0,149994.0,167782.0,
2024,Eemnes,2422.0,15107.0,16942.0,
2024,Eemsdelta,11796.0,123045.0,149708.0,
2024,Eersel,4520.0,35090.0,38738.0,
2024,Eijsden-Margraten,5982.0,36441.0,40305.0,
2024,Eindhoven,36349.0,199949.0,224656.0,
2024,Elburg,4849.0,27414.0,29180.0,
2024,Emmen,24863.0,252155.0,285390.0,
2024,Enkhuizen,2841.0,15304.0,16869.0,
2024,Enschede,21433.0,158529.0,172541.0,
2024,Epe,6266.0,41361.0,46388.0,
2024,Ermelo,5294.0,36744.0,42184.0,
2024,Etten-Leur,7741.0,64096.0,76552.0,
2024,Flevoland (PV),80486.0,1135213.0,1263114.0,519.0
2024,Fryslân (PV),149750.0,1176509.0,1303461.0,567.0
2024,Geertruidenberg,3998.0,34567.0,40103.0,
2024,Gelderland (PV),402034.0,2963226.0,3392274.0,1421.0
2024,Geldrop-Mierlo,8069.0,37484.0,40501.0,
2024,Gemeenten; niet in te delen,533.0,140124.0,175854.0,28.0
2024,Gemert-Bakel,6998.0,66407.0,75387.0,
2024,Gennep,3905.0,39494.0,46949.0,
2024,Gilze en Rijen,4680.0,34973.0,39439.0,
2024,Goeree-Overflakkee,13113.0,161035.0,185997.0,
2024,Goes,10119.0,53418.0,59234.0,
2024,Goirle,4327.0,27920.0,31170.0,
2024,Gooise Meren,7089.0,31516.0,34847.0,
2024,Gorinchem,6342.0,35037.0,39075.0,
2024,Gouda,10277.0,40468.0,44514.0,
2024,Groningen (PV),126774.0,1530937.0,1788593.0,738.0
2024,Groningen (gemeente),38157.0,320898.0,357881.0,
2024,Gulpen-Wittem,2976.0,16586.0,17965.0,
2024,Haaksbergen,5367.0,41608.0,49130.0,
2024,Haarlem,16536.0,62881.0,67960.0,
2024,Haarlemmermeer,27298.0,197726.0,227781.0,
2024,Halderberge,6159.0,55833.0,67330.0,
2024,Hardenberg,13889.0,158258.0,184650.0,
2024,Harderwijk,8426.0,48654.0,52858.0,
2024,Hardinxveld-Giessendam,4025.0,19799.0,22711.0,
2024,Harlingen,4570.0,24592.0,26962.0,
2024,Hattem,2595.0,11869.0,13039.0,
2024,Heemskerk,7165.0,28504.0,30691.0,
2024,Heemstede,4146.0,15797.0,17220.0,
2024,Heerde,3955.0,21396.0,23607.0,
2024,Heerenveen,10607.0,114933.0,134372.0,
2024,Heerlen,12287.0,70236.0,78729.0,
2024,Heeze-Leende,4109.0,30687.0,34620.0,
2024,Heiloo,6291.0,23508.0,25126.0,
2024,Hellendoorn,7808.0,51930.0,56753.0,
2024,Helmond,16813.0,81849.0,91190.0,
2024,Hendrik-Ido-Ambacht,5890.0,22794.0,25262.0,
2024,Hengelo (O.),14115.0,88771.0,97475.0,
2024,Het Hogeland,13133.0,121555.0,142880.0,
2024,Heumen,4074.0,20653.0,22262.0,
2024,Heusden,8673.0,65979.0,76949.0,
2024,Hillegom,3914.0,22934.0,25042.0,
2024,Hilvarenbeek,3243.0,61588.0,83432.0,
2024,Hilversum,10427.0,41961.0,45534.0,
2024,Hoeksche Waard,19591.0,125710.0,145896.0,
2024,Hof van Twente,7974.0,92806.0,109937.0,
2024,Hollands Kroon,11434.0,176577.0,192351.0,
2024,Hoogeveen,12235.0,224611.0,256888.0,
2024,Hoorn,12996.0,55733.0,60683.0,
2024,Horst aan de Maas,11386.0,131184.0,156266.0,
2024,Houten,10412.0,87501.0,106418.0,
2024,Huizen,7634.0,28062.0,30035.0,
2024,Hulst,8168.0,40817.0,45312.0,
2024,IJsselstein,5677.0,24648.0,27367.0,
2024,Kaag en Braassem,6738.0,34333.0,37237.0,
2024,Kampen,10346.0,81633.0,89829.0,
2024,Kapelle,3705.0,21467.0,23844.0,
2024,Katwijk,9259.0,43630.0,48013.0,
2024,Kerkrade,9077.0,53548.0,62893.0,
2024,Koggenland,5230.0,36984.0,41527.0,
2024,Krimpen aan den IJssel,4689.0,19611.0,21681.0,
2024,Krimpenerwaard,11557.0,61279.0,70365.0,
2024,Laarbeek,5155.0,56411.0,66950.0,
2024,Land van Cuijk,20431.0,186006.0,212290.0,
2024,Landgraaf,7754.0,46566.0,51218.0,
2024,Landsmeer,1830.0,8669.0,9327.0,
2024,Lansingerland,14457.0,119853.0,143713.0,
2024,Laren (NH.),1084.0,5432.0,6056.0,
2024,Leeuwarden,23334.0,165696.0,177770.0,
2024,Leiden,11775.0,45551.0,49344.0,
2024,Leiderdorp,3884.0,15109.0,16236.0,
2024,Leidschendam-Voorburg,7430.0,28179.0,30966.0,
2024,Lelystad,16839.0,261534.0,291893.0,
2024,Leudal,8853.0,74917.0,84237.0,
2024,Leusden,7253.0,36474.0,41352.0,
2024,Limburg (PV),232968.0,1695481.0,1959690.0,800.0
2024,Lingewaard,11754.0,74093.0,83502.0,
2024,Lisse,5077.0,20225.0,21978.0,
2024,Lochem,7557.0,98944.0,113938.0,
2024,Loon op Zand,4311.0,32185.0,40889.0,
2024,Lopik,2971.0,22367.0,24606.0,
2024,Losser,5131.0,55240.0,63949.0,
2024,Maasdriel,6228.0,41529.0,45362.0,
2024,Maasgouw,6512.0,36285.0,39218.0,
2024,Maashorst,14137.0,105148.0,116867.0,
2024,Maassluis,5228.0,19319.0,21857.0,
2024,Maastricht,14599.0,80232.0,92137.0,
2024,Medemblik,11070.0,106125.0,126466.0,
2024,Meerssen,4378.0,21786.0,23522.0,
2024,Meierijstad,19150.0,194679.0,228956.0,
2024,Meppel,6909.0,35236.0,38559.0,
2024,Middelburg (Z.),10855.0,54910.0,63969.0,
2024,Midden-Delfland,4338.0,33357.0,39843.0,
2024,Midden-Drenthe,9254.0,106161.0,124159.0,
2024,Midden-Groningen,15984.0,249658.0,317453.0,
2024,Moerdijk,7798.0,120879.0,141310.0,
2024,Molenlanden,9191.0,66664.0,77314.0,
2024,Montferland,9842.0,61216.0,67739.0,
2024,Montfoort,2996.0,24595.0,27227.0,
2024,Mook en Middelaar,2058.0,9614.0,10374.0,
2024,Neder-Betuwe,5194.0,64742.0,74160.0,
2024,Nederland,3023653.0,22814464.0,26065113.0,10984.0
2024,Nederweert,4206.0,47664.0,53961.0,
2024,Niet in te delen (LD),533.0,140124.0,175854.0,28.0
2024,Niet in te delen (PV),533.0,140124.0,175854.0,28.0
2024,Nieuwegein,10564.0,66277.0,74939.0,
2024,Nieuwkoop,5324.0,32979.0,35420.0,
2024,Nijkerk,9165.0,62982.0,69676.0,
2024,Nijmegen,25041.0,114299.0,124675.0,
2024,Nissewaard,15902.0,61411.0,68704.0,
2024,Noardeast-Fryslân,11371.0,72321.0,78348.0,
2024,Noord-Beveland,3150.0,18796.0,20765.0,
2024,Noord-Brabant (PV),484784.0,3776212.0,4362751.0,1830.0
2024,Noord-Holland (PV),378028.0,2170626.0,2435081.0,1096.0
2024,Noord-Nederland (LD),398051.0,4225506.0,4820016.0,2009.0
2024,Noordenveld,8664.0,117946.0,147761.0,
2024,Noordoostpolder,11083.0,238175.0,273180.0,
2024,Noordwijk,8444.0,45364.0,48736.0,
2024,"Nuenen, Gerwen en Nederwetten",5332.0,31767.0,34842.0,
2024,Nunspeet,4527.0,28246.0,31034.0,
2024,Oegstgeest,4343.0,18092.0,19905.0,
2024,Oirschot,3882.0,38082.0,44132.0,
2024,Oisterwijk,5627.0,43663.0,49805.0,
2024,Oldambt,9995.0,71534.0,80304.0,
2024,Oldebroek,4678.0,43581.0,51097.0,
2024,Oldenzaal,6697.0,46410.0,54228.0,
2024,Olst-Wijhe,4915.0,36069.0,44029.0,
2024,Ommen,4245.0,35715.0,41035.0,
2024,Oost Gelre,6787.0,56972.0,62994.0,
2024,Oost-Nederland (LD),709308.0,5938911.0,6762705.0,2835.0
2024,Oosterhout,9995.0,71038.0,82329.0,
2024,Ooststellingwerf,7463.0,127360.0,138359.0,
2024,Oostzaan,1477.0,8964.0,9678.0,
2024,Opmeer,2639.0,18496.0,20668.0,
2024,Opsterland,6591.0,69620.0,81219.0,
2024,Oss,19345.0,139775.0,158424.0,
2024,Oude IJsselstreek,8771.0,76593.0,91077.0,
2024,Ouder-Amstel,2068.0,11325.0,13120.0,
2024,Oudewater,2019.0,13744.0,15181.0,
2024,Overbetuwe,9898.0,97762.0,114141.0,
2024,Overijssel (PV),226788.0,1840472.0,2107318.0,895.0
2024,Papendrecht,4467.0,19627.0,21670.0,
2024,Peel en Maas,11580.0,112992.0,132764.0,
2024,Pekela,2682.0,77975.0,87925.0,
2024,Pijnacker-Nootdorp,11805.0,57557.0,62691.0,
2024,Purmerend,13519.0,63869.0,71469.0,
2024,Putten,4278.0,35956.0,40222.0,
2024,Raalte,9947.0,70420.0,79442.0,
2024,Reimerswaal,5616.0,79447.0,93163.0,
2024,Renkum,5064.0,22907.0,24904.0,
2024,Renswoude,1257.0,11309.0,13305.0,
2024,Reusel-De Mierden,3039.0,36359.0,41505.0,
2024,Rheden,6625.0,35974.0,39486.0,
2024,Rhenen,4245.0,21830.0,24325.0,
2024,Ridderkerk,7018.0,43187.0,51157.0,
2024,Rijssen-Holten,7293.0,69287.0,80066.0,
2024,Rijswijk (ZH.),7444.0,25026.0,27084.0,
2024,Roerdalen,5627.0,30953.0,33363.0,
2024,Roermond,11753.0,67513.0,76256.0,
2024,Roosendaal,12613.0,115172.0,137349.0,
2024,Rotterdam,37180.0,250521.0,314868.0,
2024,Rozendaal,407.0,2306.0,2471.0,
2024,Rucphen,4965.0,27279.0,30591.0,
2024,Schagen,10903.0,105820.0,119956.0,
2024,Scherpenzeel,1920.0,13178.0,14459.0,
2024,Schiedam,6144.0,27914.0,30372.0,
2024,Schiermonnikoog,307.0,2943.0,3160.0,
2024,Schouwen-Duiveland,10824.0,64696.0,74187.0,
2024,Simpelveld,2310.0,10977.0,11851.0,
2024,Sint-Michielsgestel,6554.0,40305.0,44624.0,
2024,Sittard-Geleen,18369.0,113448.0,131116.0,
2024,Sliedrecht,3737.0,21131.0,23525.0,
2024,Sluis,6725.0,44219.0,51035.0,
2024,Smallingerland,12085.0,79271.0,89479.0,
2024,Soest,7822.0,38808.0,42983.0,
2024,Someren,5202.0,74936.0,87485.0,
2024,Son en Breugel,4098.0,35780.0,40736.0,
2024,Stadskanaal,6595.0,177048.0,191499.0,
2024,Staphorst,3208.0,25326.0,27638.0,
2024,Stede Broec,4923.0,25552.0,27847.0,
2024,Steenbergen,5228.0,40205.0,44643.0,
2024,Steenwijkerland,9148.0,54604.0,60166.0,
2024,Stein (L.),6267.0,31120.0,33434.0,
2024,Stichtse Vecht,10749.0,51279.0,58271.0,
2024,Súdwest-Fryslân,19926.0,128568.0,140725.0,
2024,Terneuzen,13409.0,225459.0,257713.0,
2024,Terschelling,1141.0,7042.0,7862.0,
2024,Texel,3469.0,23216.0,25463.0,
2024,Teylingen,7574.0,40123.0,42706.0,
2024,Tholen,6652.0,57232.0,63703.0,
2024,Tiel,7552.0,46396.0,52788.0,
2024,Tilburg,34353.0,239765.0,283972.0,
2024,Tubbergen,4645.0,45017.0,50962.0,
2024,Twenterand,6893.0,66044.0,77257.0,
2024,Tynaarlo,9741.0,83493.0,95955.0,
2024,Tytsjerksteradiel,7970.0,52228.0,58265.0,
2024,Uitgeest,3511.0,14011.0,15233.0,
2024,Uithoorn,5355.0,30001.0,33224.0,
2024,Urk,3565.0,24705.0,25875.0,
2024,Utrecht (PV),237637.0,1247239.0,1418213.0,607.0
2024,Utrecht (gemeente),45640.0,197543.0,221846.0,
2024,Utrechtse Heuvelrug,10386.0,46394.0,51349.0,
2024,Vaals,1621.0,6792.0,7200.0,
2024,Valkenburg aan de Geul,3080.0,17251.0,18846.0,
2024,Valkenswaard,6992.0,39273.0,44037.0,
2024,Veendam,6683.0,63242.0,71424.0,
2024,Veenendaal,13333.0,59855.0,66557.0,
2024,Veere,6901.0,39329.0,42324.0,
2024,Veldhoven,9848.0,54521.0,60545.0,
2024,Velsen,8235.0,40635.0,46776.0,
2024,Venlo,22623.0,221584.0,278447.0,
2024,Venray,10725.0,110217.0,129555.0,
2024,Vijfheerenlanden,13980.0,76255.0,85601.0,
2024,Vlaardingen,7233.0,29456.0,32791.0,
2024,Vlieland,387.0,3056.0,3406.0,
2024,Vlissingen,10309.0,76303.0,85739.0,
2024,Voerendaal,2699.0,13538.0,14617.0,
2024,Voorne aan Zee,15163.0,80876.0,92233.0,
2024,Voorschoten,3814.0,15130.0,16524.0,
2024,Voorst,5335.0,83891.0,103750.0,
2024,Vught,5092.0,29252.0,31694.0,
2024,Waadhoeke,10999.0,80283.0,84895.0,
2024,Waalre,3868.0,20108.0,22143.0,
2024,Waalwijk,7792.0,86892.0,102716.0,
2024,Waddinxveen,6293.0,36909.0,41842.0,
2024,Wageningen,6452.0,36267.0,38873.0,
2024,Wassenaar,3479.0,14126.0,15807.0,
2024,Waterland,2899.0,12785.0,14089.0,
2024,Weert,10654.0,95232.0,110698.0,
2024,West Betuwe,12182.0,106454.0,118474.0,
2024,West Maas en Waal,5430.0,44277.0,48538.0,
2024,West-Nederland (LD),1198009.0,7038230.0,7984097.0,3482.0
2024,Westerkwartier,16594.0,140281.0,156916.0,
2024,Westerveld,5393.0,30158.0,32833.0,
2024,Westervoort,2784.0,11585.0,12361.0,
2024,Westerwolde,5155.0,185702.0,232601.0,
2024,Westland,23052.0,146076.0,166521.0,
2024,Weststellingwerf,7612.0,61295.0,68304.0,
2024,Wierden,5828.0,49495.0,54393.0,
2024,Wijchen,8281.0,63169.0,74443.0,
2024,Wijdemeren,4173.0,27115.0,31373.0,
2024,Wijk bij Duurstede,5240.0,50608.0,63355.0,
2024,Winterswijk,5903.0,38434.0,41890.0,
2024,Woensdrecht,4311.0,32369.0,37389.0,
2024,Woerden,10235.0,55089.0,61147.0,
2024,Wormerland,3432.0,16204.0,17794.0,
2024,Woudenberg,3157.0,17552.0,19844.0,
2024,Zaanstad,19928.0,103220.0,116637.0,
2024,Zaltbommel,6465.0,59257.0,67807.0,
2024,Zandvoort,1395.0,5523.0,6034.0,
2024,Zeeland (PV),102970.0,878974.0,1010716.0,421.0
2024,Zeewolde,5688.0,102391.0,118455.0,
2024,Zeist,9959.0,43306.0,47963.0,
2024,Zevenaar,9252.0,70075.0,82872.0,
2024,Zoetermeer,17809.0,72675.0,80020.0,
2024,Zoeterwoude,1961.0,16754.0,19099.0,
2024,Zuid-Holland (PV),479374.0,2741391.0,3120087.0,1357.0
2024,Zuid-Nederland (LD),717752.0,5471693.0,6322441.0,2630.0
2024,Zuidplas,9254.0,64723.0,72952.0,
2024,Zundert,4548.0,39621.0,45963.0,
2024,Zutphen,8238.0,55888.0,62270.0,
2024,Zwartewaterland,4620.0,37664.0,41483.0,
2024,Zwijndrecht,6638.0,100421.0,105131.0,
2024,Zwolle,25337.0,177869.0,203609.0,
